{
  "tau_eff": 0.09865878206638634,
  "intercept_correction": -2.316088028008607,
  "total_pop_nonevent": 535049064,
  "total_sample_nonevent": 52787289,
  "sampling_rate": 0.05,
  "files_processed": 48
}